{"gptimage2": {"scale": 42.874942779541016, "size": 512}, "nanobanana2": {"scale": 35.374778747558594, "size": 512}, "synthid": {"scale": 33.21710968017578, "size": 512}}